step,bestf
0,300310.0
1,300310.0
2,300310.0
3,300310.0
4,300310.0
5,300310.0
6,300310.0
7,300310.0
8,300310.0
9,300480.0
10,300480.0
11,300480.0
12,300480.0
13,300480.0
14,300480.0
15,300480.0
16,300480.0
17,300480.0
18,300480.0
19,300480.0
20,300480.0
21,300480.0
22,300480.0
23,300480.0
24,300480.0
25,300480.0
26,300480.0
27,300480.0
28,300480.0
29,300480.0
30,300480.0
31,300480.0
32,300480.0
33,300480.0
34,300480.0
35,300480.0
36,300480.0
37,300480.0
38,300480.0
39,300480.0
40,300480.0
41,300480.0
42,300480.0
43,300480.0
44,300480.0
45,300480.0
46,300480.0
47,300480.0
48,300480.0
49,300480.0
50,300480.0
51,300480.0
52,300480.0
53,300480.0
54,300480.0
55,300480.0
56,300480.0
57,300480.0
58,300480.0
59,300480.0
60,300480.0
61,300480.0
62,300480.0
63,300480.0
64,300480.0
65,300480.0
66,300480.0
67,300480.0
68,300480.0
69,300480.0
70,300480.0
71,300480.0
72,300480.0
73,300480.0
74,300480.0
75,300480.0
76,300480.0
77,300480.0
78,300480.0
79,300480.0
80,300480.0
81,300480.0
82,300480.0
83,300480.0
84,300480.0
85,300480.0
86,300480.0
87,300480.0
88,300480.0
89,300480.0
90,300480.0
91,300480.0
92,300480.0
93,300480.0
94,300480.0
95,300480.0
96,300480.0
97,300480.0
98,300480.0
99,300480.0
100,300480.0
101,300480.0
102,300480.0
103,300480.0
104,300480.0
105,300480.0
106,300480.0
107,300480.0
108,300480.0
109,300480.0
110,300480.0
111,300480.0
112,300480.0
113,300480.0
114,300480.0
115,300480.0
116,300480.0
117,300480.0
118,300480.0
119,300480.0
120,300480.0
121,300480.0
122,300480.0
123,300480.0
124,300480.0
125,300480.0
126,300480.0
127,300480.0
128,300480.0
129,300480.0
130,300480.0
131,300480.0
132,300480.0
133,300480.0
134,300480.0
135,300480.0
136,300480.0
137,300480.0
138,300480.0
139,300480.0
140,300480.0
141,300480.0
142,300480.0
143,300480.0
144,300480.0
145,300480.0
146,300480.0
147,300480.0
148,300480.0
149,300480.0
150,300480.0
151,300480.0
152,300480.0
153,300480.0
154,300480.0
155,300480.0
156,300480.0
157,300480.0
158,300480.0
159,300480.0
160,300480.0
161,300480.0
162,300480.0
163,300480.0
164,300480.0
165,300480.0
166,300480.0
167,300480.0
168,300480.0
169,300480.0
170,300480.0
171,300480.0
172,300480.0
173,300480.0
174,300480.0
175,300480.0
176,300480.0
177,300480.0
178,300480.0
179,300480.0
180,300480.0
181,300480.0
182,300480.0
183,300480.0
184,300480.0
185,300480.0
186,300480.0
187,300480.0
188,300480.0
189,300480.0
190,300480.0
191,300480.0
192,300480.0
193,300480.0
194,300480.0
195,300480.0
196,300480.0
197,300480.0
198,300480.0
199,300480.0
200,300480.0
201,300480.0
202,300480.0
203,300480.0
204,300480.0
205,300480.0
206,300480.0
207,300480.0
208,300480.0
209,300480.0
210,300480.0
211,300480.0
212,300480.0
213,300480.0
214,300480.0
215,300480.0
216,300480.0
217,300480.0
218,300480.0
219,300480.0
220,300480.0
221,300480.0
222,300480.0
223,300480.0
224,300480.0
225,300480.0
226,300480.0
227,300480.0
228,300480.0
229,300480.0
230,300480.0
231,300480.0
232,300480.0
233,300480.0
234,300480.0
235,300480.0
236,300480.0
237,300480.0
238,300480.0
239,300480.0
240,300480.0
241,300480.0
242,300480.0
243,300480.0
244,300480.0
245,300480.0
246,300480.0
247,300480.0
248,300480.0
249,300480.0
250,300480.0
251,300480.0
252,300480.0
253,300480.0
254,300480.0
255,300480.0
256,300480.0
257,300480.0
258,300480.0
259,300480.0
260,300480.0
261,300480.0
262,300480.0
263,300480.0
264,300480.0
265,300480.0
266,300480.0
267,300480.0
268,300480.0
269,300480.0
270,300480.0
271,300480.0
272,300480.0
273,300480.0
274,300480.0
275,300480.0
276,300480.0
277,300480.0
278,300480.0
279,300480.0
280,300480.0
281,300480.0
282,300480.0
283,300480.0
284,300480.0
285,300480.0
286,300480.0
287,300480.0
288,300480.0
289,300480.0
290,300480.0
291,300480.0
292,300480.0
293,300480.0
294,300480.0
295,300480.0
296,300480.0
297,300480.0
298,300480.0
299,300480.0
300,300480.0
301,300480.0
302,300480.0
303,300480.0
304,300480.0
305,300480.0
306,300480.0
307,300480.0
308,300480.0
309,300480.0
310,300480.0
311,300480.0
312,300480.0
313,300480.0
314,300480.0
315,300480.0
316,300480.0
317,300480.0
318,300480.0
319,300480.0
320,300480.0
321,300480.0
322,300480.0
323,300480.0
324,300480.0
325,300480.0
326,300480.0
327,300480.0
328,300480.0
329,300480.0
330,300480.0
331,300480.0
332,300480.0
333,300480.0
334,300480.0
335,300480.0
336,300480.0
337,300480.0
338,300480.0
339,300480.0
340,300480.0
341,300480.0
342,300480.0
343,300480.0
344,300480.0
345,300480.0
346,300480.0
347,300480.0
348,300480.0
349,300480.0
350,300480.0
351,300480.0
352,300480.0
353,300480.0
354,300480.0
355,300480.0
356,300480.0
357,300480.0
358,300480.0
359,300480.0
360,300480.0
361,300480.0
362,300480.0
363,300480.0
364,300480.0
365,300480.0
366,300480.0
367,300480.0
368,300480.0
369,300480.0
370,300480.0
371,300480.0
372,300480.0
373,300480.0
374,300480.0
375,300480.0
376,300480.0
377,300480.0
378,300480.0
379,300480.0
380,300480.0
381,300480.0
382,300480.0
383,300480.0
384,300480.0
385,300480.0
386,300480.0
387,300480.0
388,300480.0
389,300480.0
390,300480.0
391,300480.0
392,300480.0
393,300480.0
394,300480.0
395,300480.0
396,300480.0
397,300480.0
398,300480.0
399,300480.0
400,300480.0
401,300480.0
402,300480.0
403,300480.0
404,300480.0
405,300480.0
406,300480.0
407,300480.0
408,300480.0
409,300480.0
410,300480.0
411,300480.0
412,300480.0
413,300480.0
414,300480.0
415,300480.0
416,300480.0
417,300480.0
418,300480.0
419,300480.0
420,300480.0
421,300480.0
422,300480.0
423,300480.0
424,300480.0
425,300480.0
426,300480.0
427,300480.0
428,300480.0
429,300480.0
430,300480.0
431,300480.0
432,300480.0
433,300480.0
434,300480.0
435,300480.0
436,300480.0
437,300480.0
438,300480.0
439,300480.0
440,300480.0
441,300480.0
442,300480.0
443,300480.0
444,300480.0
445,300480.0
446,300480.0
447,300480.0
448,300480.0
449,300480.0
450,300480.0
451,300480.0
452,300480.0
453,300480.0
454,300480.0
455,300480.0
456,300480.0
457,300480.0
458,300480.0
459,300480.0
460,300480.0
461,300480.0
462,300480.0
463,300480.0
464,300480.0
465,300480.0
466,300480.0
467,300480.0
468,300480.0
469,300480.0
470,300480.0
471,300480.0
472,300480.0
473,300480.0
474,300480.0
475,300480.0
476,300480.0
477,300480.0
478,300480.0
479,300480.0
480,300480.0
481,300480.0
482,300480.0
483,300480.0
484,300480.0
485,300480.0
486,300480.0
487,300480.0
488,300480.0
489,300480.0
490,300480.0
491,300480.0
492,300480.0
493,300480.0
494,300480.0
495,300480.0
496,300480.0
497,300480.0
498,300480.0
499,300480.0
500,300480.0
501,300480.0
502,300480.0
503,300480.0
504,300480.0
505,300480.0
506,300480.0
507,300480.0
508,300480.0
509,300480.0
510,300480.0
511,300480.0
512,300480.0
513,300480.0
514,300480.0
515,300480.0
516,300480.0
517,300480.0
518,300480.0
519,300480.0
520,300480.0
521,300480.0
522,300480.0
523,300480.0
524,300480.0
525,300480.0
526,300480.0
527,300480.0
528,300480.0
529,300480.0
530,300480.0
531,300480.0
532,300480.0
533,300480.0
534,300480.0
535,300480.0
536,300480.0
537,300480.0
538,300480.0
539,300480.0
540,300480.0
541,300480.0
542,300480.0
543,300480.0
544,300480.0
545,300480.0
546,300480.0
547,300480.0
548,300480.0
549,300480.0
550,300480.0
551,300480.0
552,300480.0
553,300480.0
554,300480.0
555,300480.0
556,300480.0
557,300480.0
558,300480.0
559,300480.0
560,300480.0
561,300480.0
562,300480.0
563,300480.0
564,300480.0
565,300480.0
566,300480.0
567,300480.0
568,300480.0
569,300480.0
570,300480.0
571,300480.0
572,300480.0
573,300480.0
574,300480.0
575,300480.0
576,300480.0
577,300480.0
578,300480.0
579,300480.0
580,300480.0
581,300480.0
582,300480.0
583,300480.0
584,300480.0
585,300480.0
586,300480.0
587,300480.0
588,300480.0
589,300480.0
590,300480.0
591,300480.0
592,300480.0
593,300480.0
594,300480.0
595,300480.0
596,300480.0
597,300480.0
598,300480.0
599,300480.0
600,300480.0
601,300480.0
602,300480.0
603,300480.0
604,300480.0
605,300480.0
606,300480.0
607,300480.0
608,300480.0
609,300480.0
610,300480.0
611,300480.0
612,300480.0
613,300480.0
614,300480.0
615,300480.0
616,300480.0
617,300480.0
618,300480.0
619,300480.0
620,300480.0
621,300480.0
622,300480.0
623,300480.0
624,300480.0
625,300480.0
626,300480.0
627,300480.0
628,300480.0
629,300480.0
630,300480.0
631,300480.0
632,300480.0
633,300480.0
634,300480.0
635,300480.0
636,300480.0
637,300480.0
638,300480.0
639,300480.0
640,300480.0
641,300480.0
642,300480.0
643,300480.0
644,300480.0
645,300480.0
646,300480.0
647,300480.0
648,300480.0
649,300480.0
650,300480.0
651,300480.0
652,300480.0
653,300480.0
654,300480.0
655,300480.0
656,300480.0
657,300480.0
658,300480.0
659,300480.0
660,300480.0
661,300480.0
662,300480.0
663,300480.0
664,300480.0
665,300480.0
666,300480.0
667,300480.0
668,300480.0
669,300480.0
670,300480.0
671,300480.0
672,300480.0
673,300480.0
674,300480.0
675,300480.0
676,300480.0
677,300480.0
678,300480.0
679,300480.0
680,300480.0
681,300480.0
682,300480.0
683,300480.0
684,300480.0
685,300480.0
686,300480.0
687,300480.0
688,300480.0
689,300480.0
690,300480.0
691,300480.0
692,300480.0
693,300480.0
694,300480.0
695,300480.0
696,300480.0
697,300480.0
698,300480.0
699,300480.0
700,300480.0
701,300480.0
702,300480.0
703,300480.0
704,300480.0
705,300480.0
706,300480.0
707,300489.0
708,300489.0
709,300489.0
710,300489.0
711,300489.0
712,300489.0
713,300489.0
714,300489.0
715,300489.0
716,300489.0
717,300489.0
718,300489.0
719,300489.0
720,300489.0
721,300489.0
722,300489.0
723,300489.0
724,300489.0
725,300489.0
726,300489.0
727,300489.0
728,300489.0
729,300489.0
730,300489.0
731,300489.0
732,300489.0
733,300489.0
734,300489.0
735,300489.0
736,300489.0
737,300489.0
738,300489.0
739,300489.0
740,300489.0
741,300489.0
742,300489.0
743,300489.0
744,300489.0
745,300489.0
746,300489.0
747,300489.0
748,300489.0
749,300489.0
750,300489.0
751,300489.0
752,300489.0
753,300489.0
754,300489.0
755,300489.0
756,300489.0
757,300489.0
758,300489.0
759,300489.0
760,300489.0
761,300489.0
762,300489.0
763,300489.0
764,300489.0
765,300489.0
766,300489.0
767,300489.0
768,300489.0
769,300489.0
770,300489.0
771,300489.0
772,300489.0
773,300489.0
774,300489.0
775,300489.0
776,300489.0
777,300489.0
778,300489.0
779,300489.0
780,300489.0
781,300489.0
782,300489.0
783,300489.0
784,300489.0
785,300489.0
786,300489.0
787,300489.0
788,300489.0
789,300489.0
790,300489.0
791,300489.0
792,300489.0
793,300489.0
794,300489.0
795,300489.0
796,300489.0
797,300489.0
798,300489.0
799,300489.0
800,300489.0
801,300489.0
802,300489.0
803,300489.0
804,300489.0
805,300489.0
806,300489.0
807,300489.0
808,300489.0
809,300489.0
810,300489.0
811,300489.0
812,300489.0
813,300489.0
814,300489.0
815,300489.0
816,300489.0
817,300489.0
818,300489.0
819,300489.0
820,300489.0
821,300489.0
822,300489.0
823,300489.0
824,300489.0
825,300489.0
826,300489.0
827,300489.0
828,300489.0
829,300489.0
830,300489.0
831,300489.0
832,300489.0
833,300489.0
834,300489.0
835,300489.0
836,300489.0
837,300489.0
838,300489.0
839,300489.0
840,300489.0
841,300489.0
842,300489.0
843,300489.0
844,300489.0
845,300489.0
846,300489.0
847,300489.0
848,300489.0
849,300489.0
850,300489.0
851,300489.0
852,300489.0
853,300489.0
854,300489.0
855,300489.0
856,300489.0
857,300489.0
858,300489.0
859,300489.0
860,300489.0
861,300489.0
862,300489.0
863,300489.0
864,300489.0
865,300489.0
866,300489.0
867,300489.0
868,300489.0
869,300489.0
870,300489.0
871,300489.0
872,300489.0
873,300489.0
874,300489.0
875,300489.0
876,300489.0
877,300489.0
878,300489.0
879,300489.0
880,300489.0
881,300489.0
882,300489.0
883,300489.0
884,300489.0
885,300489.0
886,300489.0
887,300489.0
888,300489.0
889,300489.0
890,300489.0
891,300489.0
892,300489.0
893,300489.0
894,300489.0
895,300489.0
896,300489.0
897,300489.0
898,300489.0
899,300489.0
900,300489.0
901,300489.0
902,300489.0
903,300489.0
904,300489.0
905,300489.0
906,300489.0
907,300489.0
908,300489.0
909,300489.0
910,300489.0
911,300489.0
912,300489.0
913,300489.0
914,300489.0
915,300489.0
916,300489.0
917,300489.0
918,300489.0
919,300489.0
920,300489.0
921,300489.0
922,300489.0
923,300489.0
924,300489.0
925,300489.0
926,300489.0
927,300489.0
928,300489.0
929,300489.0
930,300489.0
931,300489.0
932,300489.0
933,300489.0
934,300489.0
935,300489.0
936,300489.0
937,300489.0
938,300489.0
939,300489.0
940,300489.0
941,300489.0
942,300489.0
943,300489.0
944,300489.0
945,300489.0
946,300489.0
947,300489.0
948,300489.0
949,300489.0
950,300489.0
951,300489.0
952,300489.0
953,300489.0
954,300489.0
955,300489.0
956,300489.0
957,300489.0
958,300489.0
959,300489.0
960,300489.0
961,300489.0
962,300489.0
963,300489.0
964,300489.0
965,300489.0
966,300489.0
967,300489.0
968,300489.0
969,300489.0
970,300489.0
971,300489.0
972,300489.0
973,300489.0
974,300489.0
975,300489.0
976,300489.0
977,300489.0
978,300489.0
979,300489.0
980,300489.0
981,300489.0
982,300489.0
983,300489.0
984,300489.0
985,300489.0
986,300489.0
987,300489.0
988,300489.0
989,300489.0
990,300489.0
991,300489.0
992,300489.0
993,300489.0
994,300489.0
995,300489.0
996,300489.0
997,300489.0
998,300489.0
999,300489.0
1000,300489.0
1001,300489.0
1002,300489.0
1003,300489.0
1004,300489.0
1005,300489.0
1006,300489.0
1007,300489.0
1008,300489.0
1009,300489.0
1010,300489.0
1011,300489.0
1012,300489.0
1013,300489.0
1014,300489.0
1015,300489.0
1016,300489.0
1017,300489.0
1018,300489.0
1019,300489.0
1020,300489.0
1021,300489.0
1022,300489.0
1023,300489.0
1024,300489.0
1025,300489.0
1026,300489.0
1027,300489.0
1028,300489.0
1029,300489.0
1030,300489.0
1031,300489.0
1032,300489.0
1033,300489.0
1034,300489.0
1035,300489.0
1036,300489.0
1037,300489.0
1038,300489.0
1039,300489.0
1040,300489.0
1041,300489.0
1042,300489.0
1043,300489.0
1044,300489.0
1045,300489.0
1046,300489.0
1047,300489.0
1048,300489.0
1049,300489.0
1050,300489.0
1051,300489.0
1052,300489.0
1053,300489.0
1054,300489.0
1055,300489.0
1056,300489.0
1057,300489.0
1058,300489.0
1059,300489.0
1060,300489.0
1061,300489.0
1062,300489.0
1063,300489.0
1064,300489.0
1065,300489.0
1066,300489.0
1067,300489.0
1068,300489.0
1069,300489.0
1070,300489.0
1071,300489.0
1072,300489.0
1073,300489.0
1074,300489.0
1075,300489.0
1076,300489.0
1077,300489.0
1078,300489.0
1079,300489.0
1080,300489.0
1081,300489.0
1082,300489.0
1083,300489.0
1084,300489.0
1085,300489.0
1086,300489.0
1087,300489.0
1088,300489.0
1089,300489.0
1090,300489.0
1091,300489.0
1092,300489.0
1093,300489.0
1094,300489.0
1095,300489.0
1096,300489.0
1097,300489.0
1098,300489.0
1099,300489.0
1100,300489.0
1101,300489.0
1102,300489.0
1103,300489.0
1104,300489.0
1105,300489.0
1106,300489.0
1107,300489.0
1108,300489.0
1109,300489.0
1110,300489.0
1111,300489.0
1112,300489.0
1113,300489.0
1114,300489.0
1115,300489.0
1116,300489.0
1117,300489.0
1118,300489.0
1119,300489.0
1120,300489.0
1121,300489.0
1122,300489.0
1123,300489.0
1124,300489.0
1125,300489.0
1126,300489.0
1127,300489.0
1128,300489.0
1129,300489.0
1130,300489.0
1131,300489.0
1132,300489.0
1133,300489.0
1134,300489.0
1135,300489.0
1136,300489.0
1137,300489.0
1138,300489.0
1139,300489.0
1140,300489.0
1141,300489.0
1142,300489.0
1143,300489.0
1144,300489.0
1145,300489.0
1146,300489.0
1147,300489.0
1148,300489.0
1149,300489.0
1150,300489.0
1151,300489.0
1152,300489.0
1153,300489.0
1154,300489.0
1155,300489.0
1156,300489.0
1157,300489.0
1158,300489.0
1159,300489.0
1160,300489.0
1161,300489.0
1162,300489.0
1163,300489.0
1164,300489.0
1165,300489.0
1166,300489.0
1167,300489.0
1168,300489.0
1169,300489.0
1170,300489.0
1171,300489.0
1172,300489.0
1173,300489.0
1174,300489.0
1175,300489.0
1176,300489.0
1177,300489.0
1178,300489.0
1179,300489.0
1180,300489.0
1181,300489.0
1182,300489.0
1183,300489.0
1184,300489.0
1185,300489.0
1186,300489.0
1187,300489.0
1188,300489.0
1189,300489.0
1190,300489.0
1191,300489.0
1192,300489.0
1193,300489.0
1194,300489.0
1195,300489.0
1196,300489.0
1197,300489.0
1198,300489.0
1199,300489.0
1200,300489.0
1201,300489.0
1202,300489.0
1203,300489.0
1204,300489.0
1205,300489.0
1206,300489.0
1207,300489.0
1208,300489.0
1209,300489.0
1210,300489.0
1211,300489.0
1212,300489.0
1213,300489.0
1214,300489.0
1215,300489.0
1216,300489.0
1217,300489.0
1218,300489.0
1219,300489.0
1220,300489.0
1221,300489.0
1222,300489.0
1223,300489.0
1224,300489.0
1225,300489.0
1226,300489.0
1227,300489.0
1228,300489.0
1229,300489.0
1230,300489.0
1231,300489.0
1232,300489.0
1233,300489.0
1234,300489.0
1235,300489.0
1236,300489.0
1237,300489.0
1238,300489.0
1239,300489.0
1240,300489.0
1241,300489.0
1242,300489.0
1243,300489.0
1244,300489.0
1245,300489.0
1246,300489.0
1247,300489.0
1248,300489.0
1249,300489.0
1250,300489.0
1251,300489.0
1252,300489.0
1253,300489.0
1254,300489.0
1255,300489.0
1256,300489.0
1257,300489.0
1258,300489.0
1259,300489.0
1260,300489.0
1261,300489.0
1262,300489.0
1263,300489.0
1264,300489.0
1265,300489.0
1266,300489.0
1267,300489.0
1268,300489.0
1269,300489.0
1270,300489.0
1271,300489.0
1272,300489.0
1273,300489.0
1274,300489.0
1275,300489.0
1276,300489.0
1277,300489.0
1278,300489.0
1279,300489.0
1280,300489.0
1281,300489.0
1282,300489.0
1283,300489.0
1284,300489.0
1285,300489.0
1286,300489.0
1287,300489.0
1288,300489.0
1289,300489.0
1290,300489.0
1291,300489.0
1292,300489.0
1293,300489.0
1294,300489.0
1295,300489.0
1296,300489.0
1297,300489.0
1298,300489.0
1299,300489.0
1300,300489.0
1301,300489.0
1302,300489.0
1303,300489.0
1304,300489.0
1305,300489.0
1306,300489.0
1307,300489.0
1308,300489.0
1309,300489.0
1310,300489.0
1311,300489.0
1312,300489.0
1313,300489.0
1314,300489.0
1315,300489.0
1316,300489.0
1317,300489.0
1318,300489.0
1319,300489.0
1320,300489.0
1321,300489.0
1322,300489.0
1323,300489.0
1324,300489.0
1325,300489.0
1326,300489.0
1327,300489.0
1328,300489.0
1329,300489.0
1330,300489.0
1331,300489.0
1332,300489.0
1333,300489.0
1334,300489.0
1335,300489.0
1336,300489.0
1337,300489.0
1338,300489.0
1339,300489.0
1340,300489.0
1341,300489.0
1342,300489.0
1343,300489.0
1344,300489.0
1345,300489.0
1346,300489.0
1347,300489.0
1348,300489.0
1349,300489.0
1350,300489.0
1351,300489.0
1352,300489.0
1353,300489.0
1354,300489.0
1355,300489.0
1356,300489.0
1357,300489.0
1358,300489.0
1359,300489.0
1360,300489.0
1361,300489.0
1362,300489.0
1363,300489.0
1364,300489.0
1365,300489.0
1366,300489.0
1367,300489.0
1368,300489.0
1369,300489.0
1370,300489.0
1371,300489.0
1372,300489.0
1373,300489.0
1374,300489.0
1375,300489.0
1376,300489.0
1377,300489.0
1378,300489.0
1379,300489.0
1380,300489.0
1381,300489.0
1382,300489.0
1383,300489.0
1384,300489.0
1385,300489.0
1386,300489.0
1387,300489.0
1388,300489.0
1389,300489.0
1390,300489.0
1391,300489.0
1392,300489.0
1393,300489.0
1394,300489.0
1395,300489.0
1396,300489.0
1397,300489.0
1398,300489.0
1399,300489.0
1400,300489.0
1401,300489.0
1402,300489.0
1403,300489.0
1404,300489.0
1405,300489.0
1406,300489.0
1407,300489.0
1408,300489.0
1409,300489.0
1410,300489.0
1411,300489.0
1412,300489.0
1413,300489.0
1414,300489.0
1415,300489.0
1416,300489.0
1417,300489.0
1418,300489.0
1419,300489.0
1420,300489.0
1421,300489.0
1422,300489.0
1423,300489.0
1424,300489.0
1425,300489.0
1426,300489.0
1427,300489.0
1428,300489.0
1429,300489.0
1430,300489.0
1431,300489.0
1432,300489.0
1433,300489.0
1434,300489.0
1435,300489.0
1436,300489.0
1437,300489.0
1438,300489.0
1439,300489.0
1440,300489.0
1441,300489.0
1442,300489.0
1443,300489.0
1444,300489.0
1445,300489.0
1446,300489.0
1447,300489.0
1448,300489.0
1449,300489.0
1450,300489.0
1451,300489.0
1452,300489.0
1453,300489.0
1454,300489.0
1455,300489.0
1456,300489.0
1457,300489.0
1458,300489.0
1459,300489.0
1460,300489.0
1461,300489.0
1462,300489.0
1463,300489.0
1464,300489.0
1465,300489.0
1466,300489.0
1467,300489.0
1468,300489.0
1469,300489.0
1470,300489.0
1471,300489.0
1472,300489.0
1473,300489.0
1474,300489.0
1475,300489.0
1476,300489.0
1477,300489.0
1478,300489.0
1479,300489.0
1480,300489.0
1481,300489.0
1482,300489.0
1483,300489.0
1484,300489.0
1485,300489.0
1486,300489.0
1487,300489.0
1488,300489.0
1489,300489.0
1490,300489.0
1491,300489.0
1492,300489.0
1493,300489.0
1494,300489.0
1495,300489.0
1496,300489.0
1497,300489.0
1498,300489.0
1499,300489.0
1500,300489.0
1501,300489.0
1502,300489.0
1503,300489.0
1504,300489.0
1505,300489.0
1506,300489.0
1507,300489.0
1508,300489.0
1509,300489.0
1510,300489.0
1511,300489.0
1512,300489.0
1513,300489.0
1514,300489.0
1515,300489.0
1516,300489.0
1517,300489.0
1518,300489.0
1519,300489.0
1520,300489.0
1521,300489.0
1522,300489.0
1523,300489.0
1524,300489.0
1525,300489.0
1526,300489.0
1527,300489.0
1528,300489.0
1529,300489.0
1530,300489.0
1531,300489.0
1532,300489.0
1533,300489.0
1534,300489.0
1535,300489.0
1536,300489.0
1537,300489.0
1538,300489.0
1539,300489.0
1540,300489.0
1541,300489.0
1542,300489.0
1543,300489.0
1544,300489.0
1545,300489.0
1546,300489.0
1547,300489.0
1548,300489.0
1549,300489.0
1550,300489.0
1551,300489.0
1552,300489.0
1553,300489.0
1554,300489.0
1555,300489.0
1556,300489.0
1557,300489.0
1558,300489.0
1559,300489.0
1560,300489.0
1561,300489.0
1562,300489.0
1563,300489.0
1564,300489.0
1565,300489.0
1566,300489.0
1567,300489.0
1568,300489.0
1569,300489.0
1570,300489.0
1571,300489.0
1572,300489.0
1573,300489.0
1574,300489.0
1575,300489.0
1576,300489.0
1577,300489.0
1578,300489.0
1579,300489.0
1580,300489.0
1581,300489.0
1582,300489.0
1583,300489.0
1584,300489.0
1585,300489.0
1586,300489.0
1587,300489.0
1588,300489.0
1589,300489.0
1590,300489.0
1591,300489.0
1592,300489.0
1593,300489.0
1594,300489.0
1595,300489.0
1596,300489.0
1597,300489.0
1598,300489.0
1599,300489.0
1600,300489.0
1601,300489.0
1602,300489.0
1603,300489.0
1604,300489.0
1605,300489.0
1606,300489.0
1607,300489.0
1608,300489.0
1609,300489.0
1610,300489.0
1611,300489.0
1612,300489.0
1613,300489.0
1614,300489.0
1615,300489.0
1616,300489.0
1617,300489.0
1618,300489.0
1619,300489.0
1620,300489.0
1621,300489.0
1622,300489.0
1623,300489.0
1624,300489.0
1625,300489.0
1626,300489.0
1627,300489.0
1628,300489.0
1629,300489.0
1630,300489.0
1631,300489.0
1632,300489.0
1633,300489.0
1634,300489.0
1635,300489.0
1636,300489.0
1637,300489.0
1638,300489.0
1639,300489.0
1640,300489.0
1641,300489.0
1642,300489.0
1643,300489.0
1644,300489.0
1645,300489.0
1646,300489.0
1647,300489.0
1648,300489.0
1649,300489.0
1650,300489.0
1651,300489.0
1652,300489.0
1653,300489.0
1654,300489.0
1655,300489.0
1656,300489.0
1657,300489.0
1658,300489.0
1659,300489.0
1660,300489.0
1661,300489.0
1662,300489.0
1663,300489.0
1664,300489.0
1665,300489.0
1666,300489.0
1667,300489.0
1668,300489.0
1669,300489.0
1670,300489.0
1671,300489.0
1672,300489.0
1673,300489.0
1674,300489.0
1675,300489.0
1676,300489.0
1677,300489.0
1678,300489.0
1679,300489.0
1680,300489.0
1681,300489.0
1682,300489.0
1683,300489.0
1684,300489.0
1685,300489.0
1686,300489.0
1687,300489.0
1688,300489.0
1689,300489.0
1690,300489.0
1691,300489.0
1692,300489.0
1693,300489.0
1694,300489.0
1695,300489.0
1696,300489.0
1697,300489.0
1698,300489.0
1699,300489.0
1700,300489.0
1701,300489.0
1702,300489.0
1703,300489.0
1704,300489.0
1705,300489.0
1706,300489.0
1707,300489.0
1708,300489.0
1709,300489.0
1710,300489.0
1711,300489.0
1712,300489.0
1713,300489.0
1714,300489.0
1715,300489.0
1716,300489.0
1717,300489.0
1718,300489.0
1719,300489.0
1720,300489.0
1721,300489.0
1722,300489.0
1723,300489.0
1724,300489.0
1725,300489.0
1726,300489.0
1727,300489.0
1728,300489.0
1729,300489.0
1730,300489.0
1731,300489.0
1732,300489.0
1733,300489.0
1734,300489.0
1735,300489.0
1736,300489.0
1737,300489.0
1738,300489.0
1739,300489.0
1740,300489.0
1741,300489.0
1742,300489.0
1743,300489.0
1744,300489.0
1745,300489.0
1746,300489.0
1747,300489.0
1748,300489.0
1749,300489.0
1750,300489.0
1751,300489.0
1752,300489.0
1753,300489.0
1754,300489.0
1755,300489.0
1756,300489.0
1757,300489.0
1758,300489.0
1759,300489.0
1760,300489.0
1761,300489.0
1762,300489.0
1763,300489.0
1764,300489.0
1765,300489.0
1766,300489.0
1767,300489.0
1768,300489.0
1769,300489.0
1770,300489.0
1771,300489.0
1772,300489.0
1773,300489.0
1774,300489.0
1775,300489.0
1776,300489.0
1777,300489.0
1778,300489.0
1779,300489.0
1780,300489.0
1781,300489.0
1782,300489.0
1783,300489.0
1784,300489.0
1785,300489.0
1786,300489.0
1787,300489.0
1788,300489.0
1789,300489.0
1790,300489.0
1791,300489.0
1792,300489.0
1793,300489.0
1794,300489.0
1795,300489.0
1796,300489.0
1797,300489.0
1798,300489.0
1799,300489.0
1800,300489.0
1801,300489.0
1802,300489.0
1803,300489.0
1804,300489.0
1805,300489.0
1806,300489.0
1807,300489.0
1808,300489.0
1809,300489.0
1810,300489.0
1811,300489.0
1812,300489.0
1813,300489.0
1814,300489.0
1815,300489.0
1816,300489.0
1817,300489.0
1818,300489.0
1819,300489.0
1820,300489.0
1821,300489.0
1822,300489.0
1823,300489.0
1824,300489.0
1825,300489.0
1826,300489.0
1827,300489.0
1828,300489.0
1829,300489.0
1830,300489.0
1831,300489.0
1832,300489.0
1833,300489.0
1834,300489.0
1835,300489.0
1836,300489.0
1837,300489.0
1838,300489.0
1839,300489.0
1840,300489.0
1841,300489.0
1842,300489.0
1843,300489.0
1844,300489.0
1845,300489.0
1846,300489.0
1847,300489.0
1848,300489.0
1849,300489.0
1850,300489.0
1851,300489.0
1852,300489.0
1853,300489.0
1854,300489.0
1855,300489.0
1856,300489.0
1857,300489.0
1858,300489.0
1859,300489.0
1860,300489.0
1861,300489.0
1862,300489.0
1863,300489.0
1864,300489.0
1865,300489.0
1866,300489.0
1867,300489.0
1868,300489.0
1869,300489.0
1870,300489.0
1871,300489.0
1872,300489.0
1873,300489.0
1874,300489.0
1875,300489.0
1876,300489.0
1877,300489.0
1878,300489.0
1879,300489.0
1880,300489.0
1881,300489.0
1882,300489.0
1883,300489.0
1884,300489.0
1885,300489.0
1886,300489.0
1887,300489.0
1888,300489.0
1889,300489.0
1890,300489.0
1891,300489.0
1892,300489.0
1893,300489.0
1894,300489.0
1895,300489.0
1896,300489.0
1897,300489.0
1898,300489.0
1899,300489.0
1900,300489.0
1901,300489.0
1902,300489.0
1903,300489.0
1904,300489.0
1905,300489.0
1906,300489.0
1907,300489.0
1908,300489.0
1909,300489.0
1910,300489.0
1911,300489.0
1912,300489.0
1913,300489.0
1914,300489.0
1915,300489.0
1916,300489.0
1917,300489.0
1918,300489.0
1919,300489.0
1920,300489.0
1921,300489.0
1922,300489.0
1923,300489.0
1924,300489.0
1925,300489.0
1926,300489.0
1927,300489.0
1928,300489.0
1929,300489.0
1930,300489.0
1931,300489.0
1932,300489.0
1933,300489.0
1934,300489.0
1935,300489.0
1936,300489.0
1937,300489.0
1938,300489.0
1939,300489.0
1940,300489.0
1941,300489.0
1942,300489.0
1943,300489.0
1944,300489.0
1945,300489.0
1946,300489.0
1947,300489.0
1948,300489.0
1949,300489.0
1950,300489.0
1951,300489.0
1952,300489.0
1953,300489.0
1954,300489.0
1955,300489.0
1956,300489.0
1957,300489.0
1958,300489.0
1959,300489.0
1960,300489.0
1961,300489.0
1962,300489.0
1963,300489.0
1964,300489.0
1965,300489.0
1966,300489.0
1967,300489.0
1968,300489.0
1969,300489.0
1970,300489.0
1971,300489.0
1972,300489.0
1973,300489.0
1974,300489.0
1975,300489.0
1976,300489.0
1977,300489.0
1978,300489.0
1979,300489.0
1980,300489.0
1981,300489.0
1982,300489.0
1983,300489.0
1984,300489.0
1985,300489.0
1986,300489.0
1987,300489.0
1988,300489.0
1989,300489.0
1990,300489.0
1991,300489.0
1992,300489.0
1993,300489.0
1994,300489.0
1995,300489.0
1996,300489.0
1997,300489.0
1998,300489.0
1999,300489.0
2000,300489.0
2001,300489.0
2002,300489.0
2003,300489.0
2004,300489.0
2005,300489.0
2006,300489.0
2007,300489.0
2008,300489.0
2009,300489.0
2010,300489.0
2011,300489.0
2012,300489.0
2013,300489.0
2014,300489.0
2015,300489.0
2016,300489.0
2017,300489.0
2018,300489.0
2019,300489.0
2020,300489.0
2021,300489.0
2022,300489.0
2023,300489.0
2024,300489.0
2025,300489.0
2026,300489.0
2027,300489.0
2028,300489.0
2029,300489.0
2030,300489.0
2031,300489.0
2032,300489.0
2033,300489.0
2034,300489.0
2035,300489.0
2036,300489.0
2037,300489.0
2038,300489.0
2039,300489.0
2040,300489.0
2041,300489.0
2042,300489.0
2043,300489.0
2044,300489.0
2045,300489.0
2046,300489.0
2047,300489.0
2048,300489.0
2049,300489.0
2050,300489.0
2051,300489.0
2052,300489.0
2053,300489.0
2054,300489.0
2055,300489.0
2056,300489.0
2057,300489.0
2058,300489.0
2059,300489.0
2060,300489.0
2061,300489.0
2062,300489.0
2063,300489.0
2064,300489.0
2065,300489.0
2066,300489.0
2067,300489.0
2068,300489.0
2069,300489.0
2070,300489.0
2071,300489.0
2072,300489.0
2073,300489.0
2074,300489.0
2075,300489.0
2076,300489.0
2077,300489.0
2078,300489.0
2079,300489.0
2080,300489.0
2081,300489.0
2082,300489.0
2083,300489.0
2084,300489.0
2085,300489.0
2086,300489.0
2087,300489.0
2088,300489.0
2089,300489.0
2090,300489.0
2091,300489.0
2092,300489.0
2093,300489.0
2094,300489.0
2095,300489.0
2096,300489.0
2097,300489.0
2098,300489.0
2099,300489.0
2100,300489.0
2101,300489.0
2102,300489.0
2103,300489.0
2104,300489.0
2105,300489.0
2106,300489.0
2107,300489.0
2108,300489.0
2109,300489.0
2110,300489.0
2111,300489.0
2112,300489.0
2113,300489.0
2114,300489.0
2115,300489.0
2116,300489.0
2117,300489.0
2118,300489.0
2119,300489.0
2120,300489.0
2121,300489.0
2122,300489.0
2123,300489.0
2124,300489.0
2125,300489.0
2126,300489.0
2127,300489.0
2128,300489.0
2129,300489.0
2130,300489.0
2131,300489.0
2132,300489.0
2133,300489.0
2134,300489.0
2135,300489.0
2136,300489.0
2137,300489.0
2138,300489.0
2139,300489.0
2140,300489.0
2141,300489.0
2142,300489.0
2143,300489.0
2144,300489.0
2145,300489.0
2146,300489.0
2147,300489.0
2148,300489.0
2149,300489.0
2150,300489.0
2151,300489.0
2152,300489.0
2153,300489.0
2154,300489.0
2155,300489.0
2156,300489.0
2157,300489.0
2158,300489.0
2159,300489.0
2160,300489.0
2161,300489.0
2162,300489.0
2163,300489.0
2164,300489.0
2165,300489.0
2166,300489.0
2167,300489.0
2168,300489.0
2169,300489.0
2170,300489.0
2171,300489.0
2172,300489.0
2173,300489.0
2174,300489.0
2175,300489.0
2176,300489.0
2177,300489.0
2178,300489.0
2179,300489.0
2180,300489.0
2181,300489.0
2182,300489.0
2183,300489.0
2184,300489.0
2185,300489.0
2186,300489.0
2187,300489.0
2188,300489.0
2189,300489.0
2190,300489.0
2191,300489.0
2192,300489.0
2193,300489.0
2194,300489.0
2195,300489.0
2196,300489.0
2197,300489.0
2198,300489.0
2199,300489.0
2200,300489.0
2201,300489.0
2202,300489.0
2203,300489.0
2204,300489.0
2205,300489.0
2206,300489.0
2207,300489.0
2208,300489.0
2209,300489.0
2210,300489.0
2211,300489.0
2212,300489.0
2213,300489.0
2214,300489.0
2215,300489.0
2216,300489.0
2217,300489.0
2218,300489.0
2219,300489.0
2220,300489.0
2221,300489.0
2222,300489.0
2223,300489.0
2224,300489.0
2225,300489.0
2226,300489.0
2227,300489.0
2228,300489.0
2229,300489.0
2230,300489.0
2231,300489.0
2232,300489.0
2233,300489.0
2234,300489.0
2235,300489.0
2236,300489.0
2237,300489.0
2238,300489.0
2239,300489.0
2240,300489.0
2241,300489.0
2242,300489.0
2243,300489.0
2244,300489.0
2245,300489.0
2246,300489.0
2247,300489.0
2248,300489.0
2249,300489.0
2250,300489.0
2251,300489.0
2252,300489.0
2253,300489.0
2254,300489.0
2255,300489.0
2256,300489.0
2257,300489.0
2258,300489.0
2259,300489.0
2260,300489.0
2261,300489.0
2262,300489.0
2263,300489.0
2264,300489.0
2265,300489.0
2266,300489.0
2267,300489.0
2268,300489.0
2269,300489.0
2270,300489.0
2271,300489.0
2272,300489.0
2273,300489.0
2274,300489.0
2275,300489.0
2276,300489.0
2277,300489.0
2278,300489.0
2279,300489.0
2280,300489.0
2281,300489.0
2282,300489.0
2283,300489.0
2284,300489.0
2285,300489.0
2286,300489.0
2287,300489.0
2288,300489.0
2289,300489.0
2290,300489.0
2291,300489.0
2292,300489.0
2293,300489.0
2294,300489.0
2295,300489.0
2296,300489.0
2297,300489.0
2298,300489.0
2299,300489.0
2300,300489.0
2301,300489.0
2302,300489.0
2303,300489.0
2304,300489.0
2305,300489.0
2306,300489.0
2307,300489.0
2308,300489.0
2309,300489.0
2310,300489.0
2311,300489.0
2312,300489.0
2313,300489.0
2314,300489.0
2315,300489.0
2316,300489.0
2317,300489.0
2318,300489.0
2319,300489.0
2320,300489.0
2321,300489.0
2322,300489.0
2323,300489.0
2324,300489.0
2325,300489.0
2326,300489.0
2327,300489.0
2328,300489.0
2329,300489.0
2330,300489.0
2331,300489.0
2332,300489.0
2333,300489.0
2334,300489.0
2335,300489.0
2336,300489.0
2337,300489.0
2338,300489.0
2339,300489.0
2340,300489.0
2341,300489.0
2342,300489.0
2343,300489.0
2344,300489.0
2345,300489.0
2346,300489.0
2347,300489.0
2348,300489.0
2349,300489.0
2350,300489.0
2351,300489.0
2352,300489.0
2353,300489.0
2354,300489.0
2355,300489.0
2356,300489.0
2357,300489.0
2358,300489.0
2359,300489.0
2360,300489.0
2361,300489.0
2362,300489.0
2363,300489.0
2364,300489.0
2365,300489.0
2366,300489.0
2367,300489.0
2368,300489.0
2369,300489.0
2370,300489.0
2371,300489.0
2372,300489.0
2373,300489.0
2374,300489.0
2375,300489.0
2376,300489.0
2377,300489.0
2378,300489.0
2379,300489.0
2380,300489.0
2381,300489.0
2382,300489.0
2383,300489.0
2384,300489.0
2385,300489.0
2386,300489.0
2387,300489.0
2388,300489.0
2389,300489.0
2390,300489.0
2391,300489.0
2392,300489.0
2393,300489.0
2394,300489.0
2395,300489.0
2396,300489.0
2397,300489.0
2398,300489.0
2399,300489.0
2400,300489.0
2401,300489.0
2402,300489.0
2403,300489.0
2404,300489.0
2405,300489.0
2406,300489.0
2407,300489.0
2408,300489.0
2409,300489.0
2410,300489.0
2411,300489.0
2412,300489.0
2413,300489.0
2414,300489.0
2415,300489.0
2416,300489.0
2417,300489.0
2418,300489.0
2419,300489.0
2420,300489.0
2421,300489.0
2422,300489.0
2423,300489.0
2424,300489.0
2425,300489.0
2426,300489.0
2427,300489.0
2428,300489.0
2429,300489.0
2430,300489.0
2431,300489.0
2432,300489.0
2433,300489.0
2434,300489.0
2435,300489.0
2436,300489.0
2437,300489.0
2438,300489.0
2439,300489.0
2440,300489.0
2441,300489.0
2442,300489.0
2443,300489.0
2444,300489.0
2445,300489.0
2446,300489.0
2447,300489.0
2448,300489.0
2449,300489.0
2450,300489.0
2451,300489.0
2452,300489.0
2453,300489.0
2454,300489.0
2455,300489.0
2456,300489.0
2457,300489.0
2458,300489.0
2459,300489.0
2460,300489.0
2461,300489.0
2462,300489.0
2463,300489.0
2464,300489.0
2465,300489.0
2466,300489.0
2467,300489.0
2468,300489.0
2469,300489.0
2470,300489.0
2471,300489.0
2472,300489.0
2473,300489.0
2474,300489.0
2475,300489.0
2476,300489.0
2477,300489.0
2478,300489.0
2479,300489.0
2480,300489.0
2481,300489.0
2482,300489.0
2483,300489.0
2484,300489.0
2485,300489.0
2486,300489.0
2487,300489.0
2488,300489.0
2489,300489.0
2490,300489.0
2491,300489.0
2492,300489.0
2493,300489.0
2494,300489.0
2495,300489.0
2496,300489.0
2497,300489.0
2498,300489.0
2499,300489.0
2500,300489.0
2501,300489.0
2502,300489.0
2503,300489.0
2504,300489.0
2505,300489.0
2506,300489.0
2507,300489.0
2508,300489.0
2509,300489.0
2510,300489.0
2511,300489.0
2512,300489.0
2513,300489.0
2514,300489.0
2515,300489.0
2516,300489.0
2517,300489.0
2518,300489.0
2519,300489.0
2520,300489.0
2521,300489.0
2522,300489.0
2523,300489.0
2524,300489.0
2525,300489.0
2526,300489.0
2527,300489.0
2528,300489.0
2529,300489.0
2530,300489.0
2531,300489.0
2532,300489.0
2533,300489.0
2534,300489.0
2535,300489.0
2536,300489.0
2537,300489.0
2538,300489.0
2539,300489.0
2540,300489.0
2541,300489.0
2542,300489.0
2543,300489.0
2544,300489.0
2545,300489.0
2546,300489.0
2547,300489.0
2548,300489.0
2549,300489.0
2550,300489.0
2551,300489.0
2552,300489.0
2553,300489.0
2554,300489.0
2555,300489.0
2556,300489.0
2557,300489.0
2558,300489.0
2559,300489.0
2560,300489.0
2561,300489.0
2562,300489.0
2563,300489.0
2564,300489.0
2565,300489.0
2566,300489.0
2567,300489.0
2568,300489.0
2569,300489.0
2570,300489.0
2571,300489.0
2572,300489.0
2573,300489.0
2574,300489.0
2575,300489.0
2576,300489.0
2577,300489.0
2578,300489.0
2579,300489.0
2580,300489.0
2581,300489.0
2582,300489.0
2583,300489.0
2584,300489.0
2585,300489.0
2586,300489.0
2587,300489.0
2588,300489.0
2589,300489.0
2590,300489.0
2591,300489.0
2592,300489.0
2593,300489.0
2594,300489.0
2595,300489.0
2596,300489.0
2597,300489.0
2598,300489.0
2599,300489.0
2600,300489.0
2601,300489.0
2602,300489.0
2603,300489.0
2604,300489.0
2605,300489.0
2606,300489.0
2607,300489.0
2608,300489.0
2609,300489.0
2610,300489.0
2611,300489.0
2612,300489.0
2613,300489.0
2614,300489.0
2615,300489.0
2616,300489.0
2617,300489.0
2618,300489.0
2619,300489.0
2620,300489.0
2621,300489.0
2622,300489.0
2623,300489.0
2624,300489.0
2625,300489.0
2626,300489.0
2627,300489.0
2628,300489.0
2629,300489.0
2630,300489.0
2631,300489.0
2632,300489.0
2633,300489.0
2634,300489.0
2635,300489.0
2636,300489.0
2637,300489.0
2638,300489.0
2639,300489.0
2640,300489.0
2641,300489.0
2642,300489.0
2643,300489.0
2644,300489.0
2645,300489.0
2646,300489.0
2647,300489.0
2648,300489.0
2649,300489.0
2650,300489.0
2651,300489.0
2652,300489.0
2653,300489.0
2654,300489.0
2655,300489.0
2656,300489.0
2657,300489.0
2658,300489.0
2659,300489.0
2660,300489.0
2661,300489.0
2662,300489.0
2663,300489.0
2664,300489.0
2665,300489.0
2666,300489.0
2667,300489.0
2668,300489.0
2669,300489.0
2670,300489.0
2671,300489.0
2672,300489.0
2673,300489.0
2674,300489.0
2675,300489.0
2676,300489.0
2677,300489.0
2678,300489.0
2679,300489.0
2680,300489.0
2681,300489.0
2682,300489.0
2683,300489.0
2684,300489.0
2685,300489.0
2686,300489.0
2687,300489.0
2688,300489.0
2689,300489.0
2690,300489.0
2691,300489.0
2692,300489.0
2693,300489.0
2694,300489.0
2695,300489.0
2696,300489.0
2697,300489.0
2698,300489.0
2699,300489.0
2700,300489.0
2701,300489.0
2702,300489.0
2703,300489.0
2704,300489.0
2705,300489.0
2706,300489.0
2707,300489.0
2708,300489.0
2709,300489.0
2710,300489.0
2711,300489.0
2712,300489.0
2713,300489.0
2714,300489.0
2715,300489.0
2716,300489.0
2717,300489.0
2718,300489.0
2719,300489.0
2720,300489.0
2721,300489.0
2722,300489.0
2723,300489.0
2724,300489.0
2725,300489.0
2726,300489.0
2727,300489.0
2728,300489.0
2729,300489.0
2730,300489.0
2731,300489.0
2732,300489.0
2733,300489.0
2734,300489.0
2735,300489.0
2736,300489.0
2737,300489.0
2738,300489.0
2739,300489.0
2740,300489.0
2741,300489.0
2742,300489.0
2743,300489.0
2744,300489.0
2745,300489.0
2746,300489.0
2747,300489.0
2748,300489.0
2749,300489.0
2750,300489.0
2751,300489.0
2752,300489.0
2753,300489.0
2754,300489.0
2755,300489.0
2756,300489.0
2757,300489.0
2758,300489.0
2759,300489.0
2760,300489.0
2761,300489.0
2762,300489.0
2763,300489.0
2764,300489.0
2765,300489.0
2766,300489.0
2767,300489.0
2768,300489.0
2769,300489.0
2770,300489.0
2771,300489.0
2772,300489.0
2773,300489.0
2774,300489.0
2775,300489.0
2776,300489.0
2777,300489.0
2778,300489.0
2779,300489.0
2780,300489.0
2781,300489.0
2782,300489.0
2783,300489.0
2784,300489.0
2785,300489.0
2786,300489.0
2787,300489.0
2788,300489.0
2789,300489.0
2790,300489.0
2791,300489.0
2792,300489.0
2793,300489.0
2794,300489.0
2795,300489.0
2796,300489.0
2797,300489.0
2798,300489.0
2799,300489.0
2800,300489.0
2801,300489.0
2802,300489.0
2803,300489.0
2804,300489.0
2805,300489.0
2806,300489.0
2807,300489.0
2808,300489.0
2809,300489.0
2810,300489.0
2811,300489.0
2812,300489.0
2813,300489.0
2814,300489.0
2815,300489.0
2816,300489.0
2817,300489.0
2818,300489.0
2819,300489.0
2820,300489.0
2821,300489.0
2822,300489.0
2823,300489.0
2824,300489.0
2825,300489.0
2826,300489.0
2827,300489.0
2828,300489.0
2829,300489.0
2830,300489.0
2831,300489.0
2832,300489.0
2833,300489.0
2834,300489.0
2835,300489.0
2836,300489.0
2837,300489.0
2838,300489.0
2839,300489.0
2840,300489.0
2841,300489.0
2842,300489.0
2843,300489.0
2844,300489.0
2845,300489.0
2846,300489.0
2847,300489.0
2848,300489.0
2849,300489.0
2850,300489.0
2851,300489.0
2852,300489.0
2853,300489.0
2854,300489.0
2855,300489.0
2856,300489.0
2857,300489.0
2858,300489.0
2859,300489.0
2860,300489.0
2861,300489.0
2862,300489.0
2863,300489.0
2864,300489.0
2865,300489.0
2866,300489.0
2867,300489.0
2868,300489.0
2869,300489.0
2870,300489.0
2871,300489.0
2872,300489.0
2873,300489.0
2874,300489.0
2875,300489.0
2876,300489.0
2877,300489.0
2878,300489.0
2879,300489.0
2880,300489.0
2881,300489.0
2882,300489.0
2883,300489.0
2884,300489.0
2885,300489.0
2886,300489.0
2887,300489.0
2888,300489.0
2889,300489.0
2890,300489.0
2891,300489.0
2892,300489.0
2893,300489.0
2894,300489.0
2895,300489.0
2896,300489.0
2897,300489.0
2898,300489.0
2899,300489.0
2900,300489.0
2901,300489.0
2902,300489.0
2903,300489.0
2904,300489.0
2905,300489.0
2906,300489.0
2907,300489.0
2908,300489.0
2909,300489.0
2910,300489.0
2911,300489.0
2912,300489.0
2913,300489.0
2914,300489.0
2915,300489.0
2916,300489.0
2917,300489.0
2918,300489.0
2919,300489.0
2920,300489.0
2921,300489.0
2922,300489.0
2923,300489.0
2924,300489.0
2925,300489.0
2926,300489.0
2927,300489.0
2928,300489.0
2929,300489.0
2930,300489.0
2931,300489.0
2932,300489.0
2933,300489.0
2934,300489.0
2935,300489.0
2936,300489.0
2937,300489.0
2938,300489.0
2939,300489.0
2940,300489.0
2941,300489.0
2942,300489.0
2943,300489.0
2944,300489.0
2945,300489.0
2946,300489.0
2947,300489.0
2948,300489.0
2949,300489.0
2950,300489.0
2951,300489.0
2952,300489.0
2953,300489.0
2954,300489.0
2955,300489.0
2956,300489.0
2957,300489.0
2958,300489.0
2959,300489.0
2960,300489.0
2961,300489.0
2962,300489.0
2963,300489.0
2964,300489.0
2965,300489.0
2966,300489.0
2967,300489.0
2968,300489.0
2969,300489.0
2970,300489.0
2971,300489.0
2972,300489.0
2973,300489.0
2974,300489.0
2975,300489.0
2976,300489.0
2977,300489.0
2978,300489.0
2979,300489.0
2980,300489.0
2981,300489.0
2982,300489.0
2983,300489.0
2984,300489.0
2985,300489.0
2986,300489.0
2987,300489.0
2988,300489.0
2989,300489.0
2990,300489.0
2991,300489.0
2992,300489.0
2993,300489.0
2994,300489.0
2995,300489.0
2996,300489.0
2997,300489.0
2998,300489.0
2999,300500.0
